Date,Location
01/19/2015(37.7617007179518, -122.42158168137)
02/01/2015(37.7841907151119, -122.414406029855)
02/01/2015(37.7841907151119, -122.414406029855)
02/01/2015(37.7841907151119, -122.414406029855)
01/27/2015(37.8004687042875, -122.431118543788)
02/01/2015(37.7870853907529, -122.451781767894)
01/31/2015(37.729203356539, -122.374019331833)
01/31/2015(37.729203356539, -122.374019331833)
01/31/2015(37.7878092959561, -122.40656817787)
01/31/2015(37.7862578545865, -122.417295322526)
02/01/2015(37.7690748003847, -122.413354187018)
02/01/2015(37.7690748003847, -122.413354187018)
02/01/2015(37.7690748003847, -122.413354187018)
02/01/2015(37.7690748003847, -122.413354187018)
02/01/2015(37.7651107322703, -122.432198022433)
02/01/2015(37.7817528767881, -122.42227702764)
02/01/2015(37.7817528767881, -122.42227702764)
02/01/2015(37.7422600519555, -122.387939452192)
02/01/2015(37.7671999403456, -122.458638758608)
02/01/2015(37.735226586208, -122.389774683064)
02/01/2015(37.7969028838908, -122.406831986427)
02/01/2015(37.7969028838908, -122.406831986427)
11/11/2016(37.75152495730467, -122.40525176586286)
02/01/2015(37.7969028838908, -122.406831986427)
02/01/2015(37.7969028838908, -122.406831986427)
02/01/2015(37.784696907904, -122.413609328985)
02/01/2015(37.784696907904, -122.413609328985)
02/01/2015(37.784696907904, -122.413609328985)
02/01/2015(37.7604929243617, -122.388559411328)
02/01/2015(37.778719262789, -122.414743835382)
02/01/2015(37.764228935718, -122.419520367886)
01/04/2014(37.7914943051906, -122.420874632415)
02/01/2015(37.764228935718, -122.419520367886)
02/01/2015(37.764228935718, -122.419520367886)
02/01/2015(37.7782510832412, -122.419884939457)
01/30/2015(37.7501301863303, -122.446483988175)
02/01/2015(37.7755650573942, -122.459589572197)
02/01/2015(37.7951450868486, -122.406478762416)
02/01/2015(37.7951450868486, -122.406478762416)
02/01/2015(37.7856087588303, -122.414850480524)
02/01/2015(37.7934059586373, -122.438049017392)
02/01/2015(37.7666737551835, -122.419827929961)
02/01/2015(37.7666737551835, -122.419827929961)
02/01/2015(37.7666737551835, -122.419827929961)
02/01/2015(37.7954789408472, -122.441095150389)
02/01/2015(37.7175299238695, -122.453055320632)
02/01/2015(37.7825967571249, -122.392304134983)
02/01/2015(37.7191834462785, -122.386437671186)
02/04/2015(37.775420706711, -122.403404791479)
01/31/2015(37.7969934198176, -122.40354422656)
02/01/2015(37.7685360123583, -122.41561633832)
02/01/2015(37.7873381901532, -122.423404604063)
02/01/2015(37.7873381901532, -122.423404604063)
02/01/2015(37.7873381901532, -122.423404604063)
02/01/2015(37.7875673013055, -122.406592269796)
02/01/2015(37.773130623238, -122.410919016011)
02/01/2015(37.778254811523, -122.405834032593)
01/05/2015(37.7915661006349, -122.409144009353)
01/05/2015(37.7915661006349, -122.409144009353)
02/01/2015(37.7841889075267, -122.410135236377)
02/01/2015(37.7905770710537, -122.420691680792)
02/01/2015(37.7905770710537, -122.420691680792)
02/01/2015(37.7905770710537, -122.420691680792)
02/01/2015(37.7724556440219, -122.416305723264)
01/31/2015(37.7288459128524, -122.423207985156)
02/01/2015(37.7627511939927, -122.47391580547)
02/01/2015(37.777023633257, -122.455125552189)
02/01/2015(37.7644036412279, -122.500828300284)
01/28/2015(37.7645433165084, -122.49761402653)
01/31/2015(37.7709130566165, -122.410541166987)
02/01/2015(37.7701099298175, -122.420010175609)
02/01/2015(37.7701099298175, -122.420010175609)
01/29/2015(37.7650501214668, -122.419671780296)
02/01/2015(37.7260849566228, -122.409528258798)
02/01/2015(37.7260849566228, -122.409528258798)
01/30/2015(37.7790877048755, -122.464147081977)
02/01/2015(37.7858706272526, -122.431309540727)
01/30/2015(37.761791195706, -122.40867573409)
02/01/2015(37.7424363113581, -122.489620429341)
02/01/2015(37.7564864109309, -122.406539115148)
02/01/2015(37.7641259075201, -122.402571216964)
02/01/2015(37.7641259075201, -122.402571216964)
02/01/2015(37.803594011382, -122.416489414289)
02/01/2015(37.7848337315521, -122.409336821846)
02/01/2015(37.752766726673, -122.410519781929)
02/01/2015(37.7809258336852, -122.413679376888)
02/01/2015(37.7809258336852, -122.413679376888)
02/01/2015(37.7809258336852, -122.413679376888)
02/01/2015(37.7800894126441, -122.487429256289)
01/29/2015(37.794611817992, -122.403994862674)
02/01/2015(37.7643418581632, -122.430494795393)
02/01/2015(37.7643418581632, -122.430494795393)
02/01/2015(37.7643418581632, -122.430494795393)
02/01/2015(37.7643418581632, -122.430494795393)
02/01/2015(37.7190699683467, -122.403249637246)
02/01/2015(37.7371564713337, -122.396516726913)
02/01/2015(37.728979731984, -122.385545453301)
02/01/2015(37.7650244301204, -122.41920245941)
02/01/2015(37.7871160984672, -122.403919148357)
02/01/2015(37.7871160984672, -122.403919148357)
02/01/2015(37.7139363117368, -122.435831640861)
02/01/2015(37.7980723406312, -122.424060357638)
02/01/2015(37.7980723406312, -122.424060357638)
02/01/2015(37.7721868787586, -122.452437410737)
02/01/2015(37.751694401207, -122.434056456823)
02/01/2015(37.751694401207, -122.434056456823)
02/01/2015(37.7869391910697, -122.411955869906)
02/01/2015(37.729694047172, -122.384900862378)
02/01/2015(37.729694047172, -122.384900862378)
02/01/2015(37.7895783628974, -122.412907007898)
02/01/2015(37.7895783628974, -122.412907007898)
02/01/2015(37.7895783628974, -122.412907007898)
02/01/2015(37.7650501214668, -122.419671780296)
02/01/2015(37.7349529289018, -122.418098776629)
01/01/2015(37.7857382950322, -122.413820070176)
02/01/2015(37.7249307267936, -122.444707063455)
02/01/2015(37.7249307267936, -122.444707063455)
02/01/2015(37.7499506207926, -122.430635054089)
02/01/2015(37.7499506207926, -122.430635054089)
02/01/2015(37.7499506207926, -122.430635054089)
01/29/2015(37.7622325550481, -122.485701465567)
02/01/2015(37.7088563076781, -122.405109485404)
02/01/2015(37.7088563076781, -122.405109485404)
02/01/2015(37.7088563076781, -122.405109485404)
02/01/2015(37.7285280627465, -122.475647460786)
02/01/2015(37.7192685809366, -122.391468771522)
02/01/2015(37.7192685809366, -122.391468771522)
02/01/2015(37.7365866116543, -122.404686545316)
02/01/2015(37.7365866116543, -122.404686545316)
02/01/2015(37.7979466732983, -122.406460643507)
02/01/2015(37.7979466732983, -122.406460643507)
02/01/2015(37.7518275738203, -122.431980748524)
02/01/2015(37.7518275738203, -122.431980748524)
01/15/2014(37.7911776792224, -122.400748631911)
02/01/2015(37.7812550935484, -122.45886061567)
02/01/2015(37.7812550935484, -122.45886061567)
02/01/2015(37.7890603555993, -122.392347671978)
02/01/2015(37.7999519603954, -122.409576373262)
02/01/2015(37.7827317884887, -122.406481972743)
02/01/2015(37.7640221094087, -122.393732090374)
02/01/2015(37.7640221094087, -122.393732090374)
02/01/2015(37.7886989511647, -122.420307355721)
02/01/2015(37.7886989511647, -122.420307355721)
02/01/2015(37.7832767266062, -122.414081138014)
01/31/2015(37.7753861665924, -122.431038532157)
02/01/2015(37.7405796745233, -122.421744604955)
02/01/2015(37.7368129188976, -122.486177330467)
02/01/2015(37.7998528145322, -122.436910088417)
01/27/2015(37.796948073613, -122.421143711132)
02/01/2015(37.7139249971979, -122.43761850613)
02/01/2015(37.7844990197997, -122.419458073153)
02/01/2015(37.7838226942199, -122.421011927709)
02/01/2015(37.7830037964534, -122.412414263581)
02/01/2015(37.7635138827396, -122.478191939982)
02/01/2015(37.7881242734432, -122.417672923626)
02/01/2015(37.7522731644848, -122.417878226786)
02/01/2015(37.7833862379382, -122.409853729941)
02/01/2015(37.7833862379382, -122.409853729941)
02/01/2015(37.7842973843312, -122.410157073911)
02/02/2015(37.778293520129, -122.415448759562)
02/01/2015(37.7857918163181, -122.396920775993)
02/02/2015(37.7398702066093, -122.424147588961)
02/02/2015(37.76343703896, -122.460830150553)
02/02/2015(37.7554371875097, -122.418748733523)
02/02/2015(37.7850943210103, -122.407845374111)
02/02/2015(37.7850943210103, -122.407845374111)
02/02/2015(37.7850943210103, -122.407845374111)
02/02/2015(37.7852071918419, -122.406690592261)
02/02/2015(37.7870801005292, -122.413162802096)
02/01/2015(37.7358413359143, -122.449991706608)
02/02/2015(37.7822305870036, -122.41029351969)
02/02/2015(37.7661259454801, -122.42207304894)
02/02/2015(37.7330448919252, -122.434363909417)
02/02/2015(37.7823291237659, -122.414029821727)
02/02/2015(37.7823291237659, -122.414029821727)
02/02/2015(37.7823291237659, -122.414029821727)
02/02/2015(37.7316450604526, -122.391800296943)
02/02/2015(37.7316450604526, -122.391800296943)
02/01/2015(37.7738617771611, -122.413045971966)
02/01/2015(37.7892390511991, -122.442320261009)
02/02/2015(37.7834857455601, -122.412436901867)
02/02/2015(37.7888993699465, -122.403177062044)
02/02/2015(37.7283363348481, -122.445438540349)
02/02/2015(37.7853238292094, -122.417107256373)
01/31/2015(37.7729864955863, -122.431481386384)
02/02/2015(37.7831585013597, -122.399625435061)
02/02/2015(37.7795496260755, -122.40749684872)
02/02/2015(37.7407360548358, -122.388753046997)
02/02/2015(37.7820204255866, -122.413069926397)
02/02/2015(37.7820204255866, -122.413069926397)
02/01/2015(37.8006581362894, -122.441342986493)
02/02/2015(37.7650501214668, -122.419671780296)
02/02/2015(37.77862707848, -122.399151509541)
01/29/2015(37.7294990859712, -122.379424889828)
01/28/2015(37.7874643193106, -122.394172783809)
02/02/2015(37.7161650273626, -122.466676958213)
02/02/2015(37.7161650273626, -122.466676958213)
02/01/2015(37.7577269207659, -122.420489911989)
02/01/2015(37.7577269207659, -122.420489911989)
02/02/2015(37.7671999403456, -122.458638758608)
02/02/2015(37.7864094033618, -122.408040474858)
02/02/2015(37.7864094033618, -122.408040474858)
02/01/2015(37.7635158382169, -122.426118705944)
02/01/2015(37.8006581362894, -122.441342986493)
02/01/2015(37.8006581362894, -122.441342986493)
02/01/2015(37.8006581362894, -122.441342986493)
01/30/2015(37.7561689903902, -122.495889000409)
02/02/2015(37.7546255872838, -122.41860030589)
02/01/2015(37.8002462854299, -122.431930567825)
02/01/2015(37.7741823599244, -122.447849373033)
02/02/2015(37.8021828448089, -122.412911739492)
02/02/2015(37.7564864109309, -122.406539115148)
02/02/2015(37.7564864109309, -122.406539115148)
01/20/2015(37.7779180624996, -122.429850411503)
01/30/2015(37.7659016973539, -122.394820593541)
02/02/2015(37.7640000597982, -122.510339992198)
01/27/2015(37.7806522801523, -122.396589419143)
01/26/2015(37.775420706711, -122.403404791479)
01/26/2015(37.775420706711, -122.403404791479)
01/26/2015(37.775420706711, -122.403404791479)
01/26/2015(37.775420706711, -122.403404791479)
02/02/2015(37.7681824226595, -122.409741520264)
01/16/2015(37.7948545970277, -122.446001055682)
02/02/2015(37.7947589530812, -122.413169470388)
02/02/2015(37.7550864947417, -122.403513955008)
02/02/2015(37.7640888944532, -122.421876488492)
02/02/2015(37.7640888944532, -122.421876488492)
02/02/2015(37.7866167883705, -122.451757655731)
01/27/2015(37.7816954391618, -122.490771188288)
01/27/2015(37.7816954391618, -122.490771188288)
02/02/2015(37.7825695563336, -122.430798473748)
01/30/2015(37.7744749193206, -122.398389903403)
02/01/2015(37.7587640201132, -122.416872883664)
02/01/2015(37.798682902385, -122.444615066137)
01/24/2015(37.719668771199, -122.411162307172)
02/02/2015(37.7714591179274, -122.450601497864)
02/02/2015(37.7108945814914, -122.420556751442)
02/02/2015(37.7108945814914, -122.420556751442)
02/02/2015(37.7108945814914, -122.420556751442)
02/02/2015(37.7780245674641, -122.415444159886)
01/31/2015(37.7868849113107, -122.408201657254)
02/02/2015(37.7802227066368, -122.481516526312)
01/30/2015(37.758874126626, -122.414139645652)
01/31/2015(37.7870905204825, -122.400860907814)
02/02/2015(37.775420706711, -122.403404791479)
02/02/2015(37.775420706711, -122.403404791479)
02/02/2015(37.7913128123286, -122.405310423964)
02/02/2015(37.7843478513151, -122.409313111431)
01/31/2015(37.7633237012278, -122.482480961268)
02/02/2015(37.7841889075267, -122.410135236377)
02/02/2015(37.7841889075267, -122.410135236377)
02/01/2015(37.7590564727907, -122.3912257128)
02/02/2015(37.795897532517, -122.437797231259)
02/02/2015(37.7850629421661, -122.406520987144)
01/20/2015(37.7881906054546, -122.418580508889)
01/20/2015(37.7881906054546, -122.418580508889)
02/02/2015(37.7187936431951, -122.468877005913)
02/02/2015(37.7187936431951, -122.468877005913)
02/27/2015(37.7408779454292, -122.42679961735)
01/31/2015(37.7522985347253, -122.476860541877)
02/02/2015(37.7194008333885, -122.387234795761)
02/02/2015(37.7458259930791, -122.450852211443)
01/30/2015(37.7791229026408, -122.50348287909)
02/02/2015(37.7186884382294, -122.390564527749)
02/02/2015(37.7725405391593, -122.466204667893)
01/30/2015(37.8096707013239, -122.365565425353)
02/02/2015(37.7704697548539, -122.443311949602)
02/02/2015(37.7704697548539, -122.443311949602)
01/30/2015(37.7291845796038, -122.466758005159)
01/30/2015(37.7291845796038, -122.466758005159)
01/30/2015(37.7291845796038, -122.466758005159)
02/02/2015(37.8013225692058, -122.410220142966)
02/02/2015(37.8013225692058, -122.410220142966)
02/02/2015(37.8013225692058, -122.410220142966)
02/02/2015(37.7773918242817, -122.397615567933)
02/01/2015(37.7736351065468, -122.440923876434)
02/02/2015(37.7171486722748, -122.439992498876)
02/02/2015(37.7841893501425, -122.407633520742)
02/02/2015(37.7431744969963, -122.474102710416)
02/02/2015(37.7431744969963, -122.474102710416)
02/02/2015(37.793700947263, -122.421387229832)
01/23/2014(37.7090849156407, -122.461139183524)
02/01/2015(37.7747600205915, -122.454636839495)
01/30/2015(37.7841893501425, -122.407633520742)
02/02/2015(37.7833862379382, -122.409853729941)
02/02/2015(37.7833862379382, -122.409853729941)
02/02/2015(37.7833862379382, -122.409853729941)
02/02/2015(37.7644225165568, -122.416374835778)
02/02/2015(37.7644225165568, -122.416374835778)
02/01/2015(37.8082613305439, -122.414988252591)
01/25/2015(37.7813626132552, -122.45945169075)
01/26/2015(37.7120558827519, -122.451954177946)
02/02/2015(37.7840428115732, -122.403715607574)
02/02/2015(37.7572927810101, -122.395771897062)
02/02/2015(37.7572927810101, -122.395771897062)
02/02/2015(37.7842973843312, -122.410157073911)
02/02/2015(37.755343095442, -122.406681057265)
02/02/2015(37.7429970144076, -122.421644478447)
01/30/2015(37.7802655777189, -122.403390364796)
02/02/2015(37.7760967348453, -122.40856429774)
01/31/2015(37.7746631001641, -122.461744585248)
01/31/2015(37.7734138699876, -122.419183647219)
02/02/2015(37.7771309690233, -122.415740127984)
02/02/2015(37.7852686309087, -122.403070000847)
02/02/2015(37.7355926105862, -122.390416955474)
02/02/2015(37.7355926105862, -122.390416955474)
02/01/2014(37.78764305018, -122.403434086745)
02/02/2015(37.7256933575703, -122.452289660492)
02/02/2015(37.7842973843312, -122.410157073911)
02/02/2015(37.7800332991006, -122.464279879446)
02/02/2015(37.7340319720999, -122.389471535682)
02/02/2015(37.7340319720999, -122.389471535682)
02/02/2015(37.7340319720999, -122.389471535682)
02/02/2015(37.7378517637694, -122.436278384006)
01/21/2015(37.7801134973164, -122.40989282029)
02/02/2015(37.7956830656712, -122.419955910836)
02/02/2015(37.8041769417232, -122.417487999146)
02/02/2015(37.7799444052046, -122.414317857881)
02/02/2015(37.7799444052046, -122.414317857881)
02/02/2015(37.793700947263, -122.421387229832)
02/01/2015(37.7182677028816, -122.393038835144)
02/01/2015(37.7554018489917, -122.47000800007)
02/02/2015(37.7811656530832, -122.458290531535)
02/02/2015(37.775420706711, -122.403404791479)
02/01/2015(37.783111556712, -122.442027369265)
02/02/2014(37.7743242867908, -122.417104895556)
02/02/2015(37.7867834304358, -122.399787632605)
02/02/2015(37.7867834304358, -122.399787632605)
02/02/2015(37.7667916111324, -122.440720545257)
02/02/2015(37.7800763782418, -122.435426671978)
02/02/2015(37.7800763782418, -122.435426671978)
02/02/2015(37.7865647607685, -122.407244087032)
02/02/2015(37.7865647607685, -122.407244087032)
02/02/2015(37.7838344374141, -122.412930522059)
02/02/2015(37.764357751686, -122.41747701285)
02/02/2015(37.764357751686, -122.41747701285)
02/02/2015(37.7841889075267, -122.410135236377)
02/02/2015(37.7657827544276, -122.407538332319)
02/02/2015(37.7841893501425, -122.407633520742)
02/02/2015(37.7841893501425, -122.407633520742)
02/02/2015(37.7985083480435, -122.409791662293)
02/02/2015(37.7837069301545, -122.408595110869)
02/01/2015(37.7620990020681, -122.415000536786)
02/02/2015(37.7739274524819, -122.412933062384)
02/02/2015(37.7123508590096, -122.418283197104)
02/04/2015(37.775420706711, -122.403404791479)
02/02/2015(37.7811192121542, -122.412596970637)
02/02/2015(37.7811192121542, -122.412596970637)
02/02/2015(37.7811192121542, -122.412596970637)
02/02/2015(37.7625723537425, -122.43466870921)
02/02/2015(37.7625723537425, -122.43466870921)
02/01/2015(37.7992089703227, -122.43340738035)
02/01/2015(37.7992089703227, -122.43340738035)
02/02/2015(37.7942457593856, -122.404685158341)
02/02/2015(37.7942457593856, -122.404685158341)
02/02/2015(37.7942457593856, -122.404685158341)
02/02/2015(37.764357751686, -122.41747701285)
02/02/2015(37.7299346936044, -122.397744427103)
02/02/2015(37.7299346936044, -122.397744427103)
02/02/2015(37.7299346936044, -122.397744427103)
02/02/2015(37.7299346936044, -122.397744427103)
02/02/2015(37.7301760161647, -122.399443658942)
02/02/2015(37.7521716091721, -122.419560437883)
02/02/2015(37.7521716091721, -122.419560437883)
02/02/2015(37.7521716091721, -122.419560437883)
02/02/2015(37.7410543982056, -122.499264595602)
02/02/2015(37.7606186794333, -122.426153349478)
02/02/2015(37.7955038710773, -122.421608893207)
02/02/2015(37.7955038710773, -122.421608893207)
02/02/2015(37.7955038710773, -122.421608893207)
02/02/2015(37.7955038710773, -122.421608893207)
02/02/2015(37.7900391299667, -122.402194030894)
01/29/2015(37.789173205941, -122.409445484488)
01/29/2015(37.789173205941, -122.409445484488)
02/02/2015(37.7292626391341, -122.382475491131)
02/02/2015(37.7292626391341, -122.382475491131)
02/02/2015(37.7292626391341, -122.382475491131)
02/02/2015(37.7678692203902, -122.426696478904)
02/02/2015(37.7678692203902, -122.426696478904)
02/02/2015(37.7194743609572, -122.451272324188)
02/02/2015(37.7764111993722, -122.427115347351)
02/12/2014(37.7276340992506, -122.403595293514)
02/02/2015(37.7764111993722, -122.427115347351)
02/02/2015(37.7800478529923, -122.431979576386)
02/02/2015(37.7522391652625, -122.418448186101)
01/17/2015(37.7208541937972, -122.433466102789)
02/02/2015(37.7866144613366, -122.406401668335)
02/02/2015(37.7092121482901, -122.411968127281)
01/05/2015(37.7265698157203, -122.387714321434)
01/05/2015(37.7265698157203, -122.387714321434)
02/02/2015(37.7098457177238, -122.408640885133)
02/01/2015(37.7634954373144, -122.418486296575)
01/26/2015(37.7736186276456, -122.422315670749)
02/02/2015(37.7644902928075, -122.477111187189)
02/02/2015(37.7843944492068, -122.416916142188)
01/31/2015(37.8052052344314, -122.409302498033)
01/04/2015(37.7614166781504, -122.432901431254)
01/04/2015(37.7614166781504, -122.432901431254)
01/03/2015(37.7860311576362, -122.406351834294)
01/30/2015(37.7745985956747, -122.425891675136)
02/02/2015(37.7544534411473, -122.403524795218)
01/23/2015(37.776730300516, -122.495172258342)
01/23/2015(37.776730300516, -122.495172258342)
02/02/2015(37.7704534612349, -122.447094754103)
02/02/2015(37.7751462916539, -122.419257894814)
01/30/2015(37.7205466558837, -122.439319704092)
02/02/2015(37.7833862379382, -122.409853729941)
02/02/2015(37.7833862379382, -122.409853729941)
02/02/2015(37.7833862379382, -122.409853729941)
02/02/2015(37.7256933575703, -122.452289660492)
02/02/2015(37.7634571930206, -122.419977853021)
01/30/2015(37.7962908193522, -122.411721445339)
01/30/2015(37.7606814128072, -122.424873511257)
02/02/2015(37.7721768876173, -122.492759924406)
02/01/2015(37.7826866886113, -122.490365597042)
02/04/2015(37.7602797190358, -122.465522160917)
02/01/2015(37.7828828638522, -122.486084716378)
02/02/2015(37.7811192121542, -122.412596970637)
02/02/2015(37.7148630090118, -122.45758514144)
02/02/2015(37.7148630090118, -122.45758514144)
02/02/2015(37.7852686309087, -122.403070000847)
02/02/2015(37.7381683051019, -122.389960179517)
01/30/2015(37.7142059812826, -122.442957459548)
02/02/2015(37.7312941487525, -122.378226008527)
02/02/2015(37.7103932288259, -122.407445487849)
02/02/2015(37.7103932288259, -122.407445487849)
02/02/2015(37.7103932288259, -122.407445487849)
02/02/2015(37.7845808066125, -122.414593411257)
02/02/2015(37.7845808066125, -122.414593411257)
02/02/2015(37.7122561827524, -122.417107986993)
02/02/2015(37.7605300871138, -122.398344691679)
01/29/2015(37.7493423431656, -122.438860145551)
02/02/2015(37.804271887891, -122.44827840533)
02/02/2015(37.804271887891, -122.44827840533)
02/02/2015(37.7545565620279, -122.419711251166)
02/02/2015(37.7822305870036, -122.41029351969)
02/02/2015(37.7822305870036, -122.41029351969)
02/02/2015(37.7836909533775, -122.40316136589)
02/02/2015(37.7864017954155, -122.423217673913)
02/02/2015(37.7864672409674, -122.415654629547)
02/02/2015(37.7256901689017, -122.474961434176)
02/02/2015(37.7264333788753, -122.403104571775)
02/02/2015(37.7340561320083, -122.412398375843)
02/02/2015(37.7210571460375, -122.475222189932)
02/02/2015(37.7888379056123, -122.389432577161)
02/01/2015(37.7570651494219, -122.41932208977)
02/02/2015(37.7832767266062, -122.414081138014)
02/02/2015(37.7832767266062, -122.414081138014)
01/21/2015(37.7994367295576, -122.420855875142)
02/02/2015(37.7931773025837, -122.407729769991)
02/02/2015(37.7608228396674, -122.436115302042)
02/02/2015(37.7608228396674, -122.436115302042)
02/02/2015(37.7980037233355, -122.398447802857)
02/02/2015(37.7763160310327, -122.420354123985)
02/02/2015(37.7556332979322, -122.415473931513)
02/02/2015(37.775420706711, -122.403404791479)
02/02/2015(37.7175680840626, -122.408369554921)
02/02/2015(37.7175680840626, -122.408369554921)
02/02/2015(37.7175680840626, -122.408369554921)
01/29/2015(37.7307215215703, -122.375605171962)
02/02/2015(37.7294874636559, -122.376900658814)
02/02/2015(37.7830791191471, -122.393622739343)
02/02/2015(37.7948030325182, -122.40021603879)
02/02/2015(37.8021201877107, -122.425559149319)
02/02/2015(37.7999146218467, -122.439505191354)
02/02/2015(37.7391936403273, -122.499134239027)
02/02/2015(37.7940590485562, -122.395097774181)
02/02/2015(37.7950135264428, -122.40033450691)
02/02/2015(37.8084350175869, -122.410774214375)
02/02/2015(37.7206846544979, -122.445190766272)
02/02/2015(37.7865686524807, -122.452608514061)
02/02/2015(37.7980532528058, -122.396374439116)
02/02/2015(37.7910166130682, -122.399152260199)
02/02/2015(37.7846480308387, -122.399899436982)
01/30/2015(37.7736797642734, -122.42747295585)
01/30/2015(37.7736797642734, -122.42747295585)
02/02/2015(37.7609899089142, -122.412056242405)
02/02/2015(37.764228935718, -122.419520367886)
02/02/2015(37.764228935718, -122.419520367886)
02/02/2015(37.764228935718, -122.419520367886)
02/02/2015(37.7390301515332, -122.403143544447)
02/02/2015(37.7390301515332, -122.403143544447)
02/02/2015(37.7390301515332, -122.403143544447)
02/02/2015(37.7390301515332, -122.403143544447)
02/02/2015(37.7842973843312, -122.410157073911)
02/02/2015(37.7119336857601, -122.418766889013)
02/02/2015(37.781526271747, -122.40950430935)
02/02/2015(37.7888379056123, -122.389432577161)
02/02/2015(37.739566960911, -122.406979507963)
02/02/2015(37.739566960911, -122.406979507963)
02/02/2015(37.739566960911, -122.406979507963)
02/02/2015(37.7959753126673, -122.414668598777)
02/02/2015(37.7979906413415, -122.432231936901)
02/02/2015(37.7979906413415, -122.432231936901)
02/02/2015(37.8035408565775, -122.414878527767)
02/02/2015(37.7353538209895, -122.380382266471)
02/02/2015(37.7353538209895, -122.380382266471)
02/02/2015(37.7863580362743, -122.419834938618)
02/02/2015(37.775420706711, -122.403404791479)
02/02/2015(37.7311764618482, -122.38160966743)
02/02/2015(37.7173614845378, -122.435013421625)
02/02/2015(37.7820387146172, -122.40232147638)
02/02/2015(37.7980532528058, -122.396374439116)
02/02/2015(37.7980587205991, -122.406842913454)
02/02/2015(37.7980587205991, -122.406842913454)
02/02/2015(37.7980587205991, -122.406842913454)
02/03/2015(37.7467755179049, -122.419123525573)
01/19/2015(37.7899200014841, -122.422062730264)
02/02/2015(37.7807642254398, -122.412320907436)
02/02/2015(37.7807642254398, -122.412320907436)
02/02/2015(37.7866889256218, -122.393618881148)
02/02/2015(37.7866889256218, -122.393618881148)
02/02/2015(37.7866889256218, -122.393618881148)
02/01/2015(37.72085578178, -122.431204527214)
02/01/2015(37.72085578178, -122.431204527214)
01/29/2015(37.7644035310365, -122.431296479048)
01/15/2014(37.7423752245255, -122.421970919029)
02/03/2015(37.7828276498838, -122.409708423721)
02/03/2015(37.7777992290419, -122.400302421513)
02/03/2015(37.7697208630457, -122.417949217834)
02/03/2015(37.7978641744394, -122.406669739951)
02/03/2015(37.7857429288295, -122.409660417788)
02/03/2015(37.7857429288295, -122.409660417788)
02/03/2015(37.7857429288295, -122.409660417788)
02/03/2015(37.7634292328496, -122.419515708406)
02/03/2015(37.7634292328496, -122.419515708406)
02/02/2015(37.7958763223097, -122.400488130754)
02/03/2015(37.7872812876351, -122.396409322733)
02/02/2015(37.7838066631424, -122.409129633669)
11/12/2016(37.80796947292687, -122.41400317832917)
02/03/2015(37.789434763004, -122.406958660602)
02/02/2015(37.7865647607685, -122.407244087032)
01/05/2015(37.766799959982, -122.428951613741)
02/03/2015(37.7564864109309, -122.406539115148)
02/03/2015(37.7649050761616, -122.423001696251)
02/27/2014(37.7748707258015, -122.446285631005)
02/03/2015(37.7649050761616, -122.423001696251)
02/03/2015(37.7649050761616, -122.423001696251)
02/03/2015(37.788239899778, -122.409256096494)
02/03/2015(37.7649357189679, -122.431957685196)
02/03/2015(37.7453901680777, -122.420021755228)
02/03/2015(37.7453901680777, -122.420021755228)
02/03/2015(37.7855609320034, -122.429792899837)
02/02/2015(37.7806600950548, -122.42291369529)
02/03/2015(37.7826435280939, -122.443597047511)
02/02/2015(37.7810888153345, -122.402246029097)
02/03/2015(37.7838424505847, -122.432743822617)
02/03/2015(37.7838424505847, -122.432743822617)
02/03/2015(37.7838424505847, -122.432743822617)
02/03/2015(37.7740948566882, -122.420001436964)
02/03/2015(37.7740948566882, -122.420001436964)
02/03/2015(37.7693967099165, -122.451288061231)
02/03/2015(37.7693967099165, -122.451288061231)
02/03/2015(37.7693967099165, -122.451288061231)
02/03/2015(37.775420706711, -122.403404791479)
02/03/2015(37.7357419068572, -122.37934537972)
01/03/2015(37.7925509103928, -122.412653223062)
02/03/2015(37.7650501214668, -122.419671780296)
02/02/2015(37.7454986548372, -122.394559471382)
02/03/2015(37.7356506398948, -122.448307079193)
01/27/2015(37.7426415388733, -122.429929998455)
02/02/2015(37.7244624051911, -122.405571757226)
02/02/2015(37.7592223045204, -122.395164170538)
02/02/2015(37.7986966918738, -122.429929539463)
02/03/2015(37.775420706711, -122.403404791479)
02/03/2015(37.775420706711, -122.403404791479)
02/03/2015(37.775420706711, -122.403404791479)
02/03/2015(37.7751633529763, -122.413473331312)
02/03/2015(37.7751633529763, -122.413473331312)
01/30/2015(37.7695046066162, -122.451314447797)
02/03/2015(37.775420706711, -122.403404791479)
02/01/2015(37.7545081025069, -122.407449511511)
02/02/2015(37.7303399205254, -122.432385162578)
02/01/2015(37.76667346471, -122.418915450725)
02/02/2015(37.7691750639058, -122.404026293246)
02/02/2015(37.7691750639058, -122.404026293246)
02/03/2015(37.7700970411704, -122.453728603068)
01/30/2015(37.7771638194542, -122.443324444777)
02/02/2015(37.783465567448, -122.416732163096)
02/03/2015(37.7429162365748, -122.448982569824)
02/03/2015(37.7429162365748, -122.448982569824)
02/03/2015(37.7429162365748, -122.448982569824)
02/02/2015(37.7330256190757, -122.435141194073)
02/02/2015(37.7643418581632, -122.430494795393)
02/03/2015(37.7706305910776, -122.41248326348)
02/03/2015(37.7706305910776, -122.41248326348)
02/02/2015(37.7610201697083, -122.432795347224)
02/02/2015(37.7610201697083, -122.432795347224)
02/02/2015(37.7931773025837, -122.407729769991)
02/02/2015(37.7392287557084, -122.391834252347)
02/02/2015(37.7463239632666, -122.41056729237)
02/03/2015(37.7683767091683, -122.43231121365)
02/03/2015(37.7683767091683, -122.43231121365)
02/03/2015(37.7868516471087, -122.421441956086)
02/03/2015(37.7817063075528, -122.492925040569)
01/27/2015(37.7836719564372, -122.415088721046)
02/02/2015(37.796644564492, -122.402139142776)
02/02/2015(37.7125366588715, -122.399584775431)
01/30/2015(37.7654021061194, -122.446780341512)
01/05/2015(37.7120920675614, -122.4208910342)
03/05/2014(37.7843533426568, -122.432914603494)
02/12/2014(37.7763827130285, -122.394102624525)
03/07/2014(37.7892639310458, -122.401378067544)
01/31/2015(37.7998502891642, -122.421730631824)
02/03/2015(37.7906117204093, -122.393413306041)
02/02/2015(37.7661440496945, -122.444450177181)
02/01/2015(37.8063927876763, -122.414613835412)
02/01/2015(37.8063927876763, -122.414613835412)
01/14/2015(37.7186348402533, -122.441317001322)
02/03/2015(37.7856720367472, -122.406852525575)
02/03/2015(37.7300635967742, -122.469780843211)
02/03/2015(37.7300635967742, -122.469780843211)
01/29/2015(37.7474613181905, -122.481305019184)
03/01/2014(37.7900459017168, -122.41720963943)
03/07/2014(37.7843478513151, -122.409313111431)
01/29/2015(37.7474613181905, -122.481305019184)
01/29/2015(37.7474613181905, -122.481305019184)
02/03/2015(37.7657827544276, -122.407538332319)
02/03/2015(37.7657827544276, -122.407538332319)
01/30/2015(37.765493106094, -122.444929183098)
02/03/2015(37.7721958190345, -122.404385042303)
02/03/2015(37.7721958190345, -122.404385042303)
02/03/2015(37.7721958190345, -122.404385042303)
02/03/2015(37.7721958190345, -122.404385042303)
02/02/2015(37.7877570602411, -122.420120319204)
02/03/2015(37.7148371012627, -122.44535757586)
02/03/2015(37.7148371012627, -122.44535757586)
02/02/2015(37.7824465135592, -122.416342977622)
02/03/2015(37.7488679961125, -122.470595847264)
02/03/2015(37.7488679961125, -122.470595847264)
01/22/2015(37.7812707434494, -122.411339562557)
02/03/2015(37.788239899778, -122.409256096494)
02/02/2015(37.7349050342849, -122.386304220968)
02/02/2015(37.7349050342849, -122.386304220968)
02/03/2015(37.775420706711, -122.403404791479)
02/03/2015(37.781446350134, -122.417146843836)
02/03/2015(37.7656058638705, -122.410488829308)
02/03/2015(37.7850629421661, -122.406520987144)
02/03/2015(37.7800332991006, -122.464279879446)
02/03/2015(37.7677850586334, -122.45319019834)
01/30/2015(37.775420706711, -122.403404791479)
01/13/2015(37.7804126251317, -122.504177712633)
02/03/2015(37.7859774761625, -122.405359371753)
01/31/2015(37.7530186537446, -122.418587172219)
02/02/2015(37.7967039278443, -122.408433097286)
02/03/2015(37.7363322364486, -122.411123069982)
02/03/2015(37.7838066631424, -122.409129633669)
02/03/2015(37.7499131969111, -122.39434785768)
02/03/2015(37.7499131969111, -122.39434785768)
02/03/2015(37.7782510832412, -122.419884939457)
02/03/2015(37.7782510832412, -122.419884939457)
02/03/2015(37.7410239696537, -122.42875312207)
02/03/2015(37.7591514070913, -122.389296892558)
02/03/2015(37.7657827544276, -122.407538332319)
02/03/2015(37.7657827544276, -122.407538332319)
02/03/2015(37.7657827544276, -122.407538332319)
01/31/2015(37.7899200014841, -122.422062730264)
01/29/2015(37.7880511870399, -122.423477689614)
01/29/2015(37.7980723406312, -122.424060357638)
01/29/2015(37.7980723406312, -122.424060357638)
02/02/2015(37.7791823933462, -122.409793939547)
02/02/2015(37.7616428225519, -122.401191922623)
02/02/2015(37.7616428225519, -122.401191922623)
02/01/2015(37.7536414673004, -122.408195421597)
01/26/2015(37.7700540212914, -122.450242113384)
01/21/2015(37.770896885856, -122.420303482492)
01/21/2015(37.770896885856, -122.420303482492)
02/03/2015(37.7322951055122, -122.434991623562)
02/03/2015(37.7828946450912, -122.420818330445)
02/02/2015(37.7277502372406, -122.425025030815)
02/03/2015(37.7951006528052, -122.404847847867)
02/03/2015(37.7980532528058, -122.396374439116)
02/03/2015(37.7122834993401, -122.406528551701)
02/03/2015(37.780906077687, -122.413401299155)
01/30/2015(37.7429156050522, -122.460866660633)
02/03/2015(37.7649584350954, -122.452730385108)
02/03/2015(37.7922647537719, -122.428630560161)
02/03/2015(37.7922647537719, -122.428630560161)
02/03/2015(37.7922647537719, -122.428630560161)
02/03/2015(37.7805345385278, -122.408162953857)
02/03/2015(37.7805345385278, -122.408162953857)
02/03/2015(37.7118160189064, -122.399929594658)
02/02/2015(37.7564864109309, -122.406539115148)
02/03/2015(37.7817511307229, -122.411071423064)
01/02/2015(37.7695046066162, -122.451314447797)
02/02/2015(37.745426402054, -122.4313595584)
02/02/2015(37.7768766735218, -122.491956779206)
02/02/2015(37.7768766735218, -122.491956779206)
02/03/2015(37.8013694186977, -122.409373489901)
02/03/2015(37.8013694186977, -122.409373489901)
02/03/2015(37.8013694186977, -122.409373489901)
10/26/2015(37.7841847091303, -122.418562097105)
11/21/2016(37.784353342656765, -122.4329146034938)
02/02/2015(37.7368837969126, -122.389241311502)
02/03/2015(37.7514199300011, -122.418434028318)
02/03/2015(37.7514199300011, -122.418434028318)
02/02/2015(37.7471595293012, -122.429300587346)
02/02/2015(37.7471595293012, -122.429300587346)
01/24/2015(37.7977773593589, -122.40784335615)
02/02/2015(37.7471595293012, -122.429300587346)
02/03/2015(37.7799444052046, -122.414317857881)
02/03/2015(37.7799444052046, -122.414317857881)
02/03/2015(37.7799444052046, -122.414317857881)
02/03/2015(37.7799444052046, -122.414317857881)
02/03/2015(37.7908244663738, -122.418219833881)
02/02/2015(37.7226304966987, -122.443476249751)
02/03/2015(37.7137889657104, -122.414200995694)
02/03/2015(37.7137889657104, -122.414200995694)
02/03/2015(37.7606979828387, -122.478067213175)
02/03/2015(37.7606979828387, -122.478067213175)
02/03/2015(37.775420706711, -122.403404791479)
02/03/2015(37.7990497607213, -122.423907410647)
01/20/2016(37.72453296099497, -122.45921241037463)
02/03/2015(37.7702081959172, -122.4453467866)
02/03/2015(37.7702081959172, -122.4453467866)
02/03/2015(37.7702081959172, -122.4453467866)
03/17/2014(37.7944525389481, -122.404799424951)
02/03/2015(37.7853224073204, -122.412944969085)
02/02/2015(37.7706967930865, -122.407702149718)
02/02/2015(37.7706967930865, -122.407702149718)
02/02/2015(37.7275837825749, -122.465382883406)
02/03/2015(37.7817511307229, -122.411071423064)
02/03/2015(37.7817511307229, -122.411071423064)
03/16/2014(37.8064351103515, -122.42219944483)
02/03/2015(37.801803328729, -122.406428366219)
02/03/2015(37.801803328729, -122.406428366219)
02/03/2015(37.7741219764844, -122.470298083327)
02/03/2015(37.7741219764844, -122.470298083327)
01/26/2015(37.7865647607685, -122.407244087032)
02/02/2015(37.756720759604, -122.410517462775)
02/03/2015(37.7645975666681, -122.394698550916)
01/28/2015(37.7548796352281, -122.414378057249)
02/02/2015(37.7935432687568, -122.401228030968)
02/02/2015(37.7935432687568, -122.401228030968)
02/03/2015(37.7985083480435, -122.409791662293)
02/01/2015(37.7266003621804, -122.407556369323)
01/29/2015(37.7950135264428, -122.40033450691)
02/03/2015(37.78710945429, -122.40642786236)
02/03/2015(37.78710945429, -122.40642786236)
02/03/2015(37.7292626391341, -122.382475491131)
01/27/2015(37.7603928153093, -122.505398845381)
02/03/2015(37.7654433196318, -122.45275843965)
02/02/2015(37.763558459678, -122.477172370751)
03/26/2014(37.7621738188702, -122.466180771685)
02/03/2015(37.7825859895625, -122.408560037296)
02/02/2015(37.7826911213472, -122.409536662692)
02/02/2015(37.7826911213472, -122.409536662692)
01/05/2015(37.7867316808533, -122.404587539604)
02/03/2015(37.7215602036508, -122.392216911504)
02/03/2015(37.7564864109309, -122.406539115148)
02/03/2015(37.7993401835421, -122.409835057079)
03/27/2014(37.7658426354415, -122.406553700757)
02/03/2015(37.7993401835421, -122.409835057079)
02/03/2015(37.7342866628413, -122.405495088281)
02/03/2015(37.7853238292094, -122.417107256373)
02/03/2015(37.7819119628298, -122.413047972078)
02/02/2015(37.7698987243733, -122.429248840104)
02/02/2015(37.800406453512, -122.439917841054)
02/03/2015(37.7848656939526, -122.412784096502)
02/03/2015(37.7848656939526, -122.412784096502)
02/03/2015(37.7848656939526, -122.412784096502)
02/03/2015(37.7822000723138, -122.458857560736)
02/03/2015(37.778719262789, -122.414743835382)
02/03/2015(37.778719262789, -122.414743835382)
03/16/2014(37.7682726763619, -122.419983447697)
02/01/2015(37.7998691995985, -122.409667412997)
02/01/2015(37.7650244301204, -122.41920245941)
02/01/2015(37.7650244301204, -122.41920245941)
02/03/2015(37.7998154571094, -122.44368609814)
02/03/2015(37.7998154571094, -122.44368609814)
02/03/2015(37.7632323869521, -122.419424383763)
02/03/2015(37.7632323869521, -122.419424383763)
02/03/2015(37.7632323869521, -122.419424383763)
02/03/2015(37.7632323869521, -122.419424383763)
02/03/2015(37.7632323869521, -122.419424383763)
02/03/2015(37.7300388291294, -122.39807475364)
02/03/2015(37.725669186459, -122.463597480953)
01/26/2015(37.7205097496756, -122.440660894634)
02/03/2015(37.7817511307229, -122.411071423064)
02/03/2015(37.7450364333137, -122.402841680867)
02/03/2015(37.7837240254478, -122.414242955907)
02/03/2015(37.7837240254478, -122.414242955907)
02/03/2015(37.7837240254478, -122.414242955907)
01/29/2015(37.7910323101921, -122.405716064431)
01/29/2015(37.7910323101921, -122.405716064431)
02/03/2015(37.8074451162355, -122.410524742229)
01/10/2015(37.7923753856472, -122.402739239559)
01/10/2015(37.7923753856472, -122.402739239559)
02/03/2015(37.7336749150104, -122.426391018521)
02/03/2015(37.7893728798505, -122.429732992551)
02/03/2015(37.7893728798505, -122.429732992551)
02/02/2015(37.7210571460375, -122.475222189932)
02/03/2015(37.784696907904, -122.413609328985)
02/03/2015(37.7994880717633, -122.409017007613)
02/03/2015(37.7276354562102, -122.413998755933)
02/01/2015(37.7805797943167, -122.476719025527)
02/03/2015(37.7852686309087, -122.403070000847)
02/03/2015(37.7852686309087, -122.403070000847)
02/03/2015(37.7852686309087, -122.403070000847)
02/03/2015(37.7808219708329, -122.422090267887)
02/02/2015(37.7919493361815, -122.41693893613)
02/03/2015(37.7894768075723, -122.414576897)
02/03/2015(37.7211907226133, -122.440235454273)
02/03/2015(37.752827655129, -122.508432367694)
02/02/2015(37.7650501214668, -122.419671780296)
02/03/2015(37.7672442209616, -122.510225749052)
04/04/2014(37.7827317884887, -122.406481972743)
02/03/2015(37.7819536537257, -122.410041631816)
02/02/2015(37.7958776753364, -122.415006296604)
02/03/2015(37.7288276251864, -122.380348349699)
02/02/2015(37.7776176281026, -122.411874120577)
01/31/2015(37.7573788687978, -122.399983788101)
02/03/2015(37.7287297938303, -122.431295002963)
01/10/2015(37.798321225099, -122.411302650354)
02/03/2015(37.7837069301545, -122.408595110869)
02/03/2015(37.7538579167642, -122.419154926676)
02/03/2015(37.7511784346447, -122.396411072525)
02/02/2015(37.7295846900095, -122.394888208756)
02/02/2015(37.7192685809366, -122.391468771522)
02/02/2015(37.7192685809366, -122.391468771522)
02/02/2015(37.7192685809366, -122.391468771522)
02/03/2015(37.7878555996754, -122.442112423143)
02/03/2015(37.7878555996754, -122.442112423143)
02/03/2015(37.7684917389792, -122.417282382012)
02/03/2015(37.760692489996, -122.386104938274)
02/03/2015(37.7600697106567, -122.434994783089)
02/01/2015(37.7936819085763, -122.41794044472)
02/02/2015(37.70986044957, -122.451345531222)
02/13/2016(37.79009962736703, -122.40031605728647)
04/15/2016(37.78440117948599, -122.40754585593122)
01/29/2016(37.775420706711, -122.40340479147905)
02/03/2015(37.7218048835547, -122.440006611531)
02/03/2015(37.775420706711, -122.403404791479)
02/03/2015(37.775420706711, -122.403404791479)
02/02/2015(37.773886367051, -122.44691608078)
02/03/2015(37.7830679886919, -122.415721688006)
02/03/2015(37.7706305910776, -122.41248326348)
02/03/2015(37.7818621883021, -122.413869632554)
02/01/2015(37.7107503110825, -122.414753332924)
02/02/2015(37.7680170125986, -122.423321421434)
01/30/2015(37.7831614109395, -122.411615075408)
02/03/2015(37.7206038015008, -122.439624543268)
02/03/2015(37.786383021575, -122.399289033567)
01/31/2015(37.7966976738334, -122.398324392842)
02/03/2015(37.7216221726261, -122.472321912705)
02/03/2015(37.775420706711, -122.403404791479)
02/03/2015(37.7164758973784, -122.453994369282)
01/30/2015(37.7982652352526, -122.418861966021)
01/29/2016(37.775420706711, -122.40340479147905)
05/10/2017(37.78170626122991, -122.3891782626499)
05/16/2017(37.76853147324479, -122.40487869079851)
02/02/2015(37.7650501214668, -122.419671780296)
02/03/2015(37.806426731679, -122.407149304657)
02/02/2015(37.7161089324351, -122.453699685257)
02/03/2015(37.7780062911327, -122.436698225121)
02/03/2015(37.7865647607685, -122.407244087032)
02/03/2015(37.783287873572, -122.408953598279)
02/03/2015(37.7822127546626, -122.399837367207)
02/03/2015(37.7206038015008, -122.439624543268)
02/03/2015(37.7206038015008, -122.439624543268)
01/31/2015(37.7976645305321, -122.422975242584)
02/03/2015(37.7876106365854, -122.405819515169)
02/03/2015(37.7739274524819, -122.412933062384)
02/03/2015(37.7739274524819, -122.412933062384)
02/03/2015(37.7739274524819, -122.412933062384)
02/03/2015(37.7739274524819, -122.412933062384)
02/03/2015(37.7739274524819, -122.412933062384)
01/31/2015(37.7293119114256, -122.390894724304)
01/31/2015(37.7293119114256, -122.390894724304)
01/31/2015(37.7293119114256, -122.390894724304)
02/03/2015(37.7799444052046, -122.414317857881)
02/03/2015(37.7799444052046, -122.414317857881)
02/01/2015(37.7798431570931, -122.405112001355)
02/03/2015(37.7554460266182, -122.387067977547)
02/03/2015(37.7867754820647, -122.420775721444)
02/03/2015(37.7867754820647, -122.420775721444)
02/03/2015(37.7120920675614, -122.4208910342)
02/03/2015(37.7296796672727, -122.373456171525)
02/03/2015(37.7296796672727, -122.373456171525)
01/20/2015(37.7937145536167, -122.43229520935)
02/02/2015(37.7824570677935, -122.392845456789)
02/03/2015(37.7570691172002, -122.402806433608)
02/03/2015(37.7846856433216, -122.449270249224)
02/03/2015(37.7784692199467, -122.513642064265)
02/03/2015(37.7987183534813, -122.435889235002)
02/03/2015(37.7844788538745, -122.404270179486)
02/03/2015(37.7121502932531, -122.417144802399)
02/03/2015(37.7121502932531, -122.417144802399)
02/03/2015(37.7121502932531, -122.417144802399)
02/03/2015(37.7121502932531, -122.417144802399)
02/03/2015(37.7780501202623, -122.451998028803)
02/03/2015(37.7980532528058, -122.396374439116)
02/03/2015(37.7998528145322, -122.436910088417)
02/03/2015(37.7998528145322, -122.436910088417)
02/03/2015(37.7822305870036, -122.41029351969)
02/03/2015(37.7822305870036, -122.41029351969)
02/03/2015(37.7789940710712, -122.40509433812)
02/03/2015(37.7842937802977, -122.421096796936)
02/01/2015(37.7354387951327, -122.416187526379)
02/03/2015(37.7863072236365, -122.405294845215)
02/03/2015(37.7863072236365, -122.405294845215)
02/03/2015(37.77636280535, -122.413361136168)
02/03/2015(37.7227651550983, -122.435206927167)
02/02/2015(37.7323966010148, -122.44547478111)
02/03/2015(37.8072245494003, -122.412305654928)
02/03/2015(37.7782352182811, -122.409158691757)
02/03/2015(37.8086250595467, -122.412527239682)
02/03/2015(37.726854596498, -122.43307534135)
02/03/2015(37.726854596498, -122.43307534135)
02/03/2015(37.726854596498, -122.43307534135)
02/03/2015(37.726854596498, -122.43307534135)
02/03/2015(37.726854596498, -122.43307534135)
02/03/2015(37.726854596498, -122.43307534135)
02/03/2015(37.726854596498, -122.43307534135)
02/03/2015(37.726854596498, -122.43307534135)
02/03/2015(37.7585838119382, -122.419843759487)
02/03/2015(37.7585838119382, -122.419843759487)
02/03/2015(37.7585838119382, -122.419843759487)
02/03/2015(37.7585838119382, -122.419843759487)
02/03/2015(37.7585838119382, -122.419843759487)
02/03/2015(37.7327899367388, -122.391257625349)
02/04/2015(37.7839320277273, -122.412597377187)
02/03/2015(37.765114811569, -122.484760636297)
02/03/2015(37.765114811569, -122.484760636297)
02/03/2015(37.765114811569, -122.484760636297)
02/04/2015(37.784816365102, -122.40947349732)
02/04/2015(37.786277459166, -122.412999075009)
02/03/2015(37.7858926099715, -122.419739837805)
02/04/2015(37.7869881885308, -122.410699657634)
02/03/2015(37.7843533426568, -122.432914603494)
02/03/2015(37.7843533426568, -122.432914603494)
02/03/2015(37.7843533426568, -122.432914603494)
02/03/2015(37.7843533426568, -122.432914603494)
02/04/2015(37.7523483654161, -122.406345654667)
02/04/2015(37.7425218927281, -122.404308773077)
02/04/2015(37.7841847091303, -122.418562097105)
02/04/2015(37.775898446204, -122.418480564808)
02/04/2015(37.7917404337271, -122.396647503187)
02/04/2015(37.7731370565281, -122.471762293488)
02/04/2015(37.7731370565281, -122.471762293488)
02/03/2015(37.7152017720854, -122.468075662537)
02/04/2015(37.7840890366868, -122.411800134753)
02/04/2015(37.7840890366868, -122.411800134753)
02/04/2015(37.7940589735021, -122.407904730522)
02/04/2015(37.778293520129, -122.415448759562)
02/04/2015(37.7905215969161, -122.40221854007)
02/03/2015(37.793079042261, -122.400542764838)
02/04/2015(37.786719015554, -122.413174494396)
02/04/2015(37.786719015554, -122.413174494396)
02/04/2015(37.786719015554, -122.413174494396)
02/02/2015(37.716962016099, -122.389279211854)
02/02/2015(37.716962016099, -122.389279211854)
02/04/2015(37.7875096258655, -122.420136159979)
02/01/2015(37.7983917580329, -122.424808639628)
02/04/2015(37.7858882195106, -122.411742515582)
02/04/2015(37.7979117105028, -122.405862214655)
02/03/2015(37.7759042673828, -122.423581857437)
02/03/2015(37.7738617771611, -122.413045971966)
01/30/2015(37.775420706711, -122.403404791479)
02/03/2015(37.7881242734432, -122.417672923626)
01/29/2015(37.7831032668735, -122.420996914)
02/03/2015(37.7823629069329, -122.42831052169)
02/04/2015(37.752684919614, -122.410962664755)
02/04/2015(37.7602340753605, -122.419208249507)
02/04/2015(37.7479994493226, -122.420832650303)
02/04/2015(37.7704697548539, -122.443311949602)
01/31/2015(37.7762075768262, -122.420332099593)
02/04/2015(37.7629167766586, -122.412173946265)
04/18/2014(37.7708917848848, -122.489804747862)
02/04/2015(37.7661259454801, -122.42207304894)
02/03/2015(37.8006374058088, -122.407589113638)
02/04/2015(37.7823629069329, -122.42831052169)
02/03/2015(37.7604853376207, -122.409997302682)
02/04/2015(37.7800574377607, -122.408673540372)
02/04/2015(37.7800574377607, -122.408673540372)
02/04/2015(37.775420706711, -122.403404791479)
02/03/2015(37.7812707434494, -122.411339562557)
02/04/2015(37.7810694335442, -122.447517523122)
02/04/2015(37.7872932910877, -122.415821891164)
02/04/2015(37.721313139839, -122.395989596412)
02/04/2015(37.721313139839, -122.395989596412)
02/04/2015(37.721313139839, -122.395989596412)
02/03/2015(37.7117445002313, -122.431015257276)
02/03/2015(37.7117445002313, -122.431015257276)
04/19/2014(37.7650501214668, -122.419671780296)
02/04/2015(37.7883759137117, -122.42615135926)
02/04/2015(37.7319142844378, -122.395729263523)
01/31/2015(37.7888993699465, -122.403177062044)
01/31/2015(37.7888993699465, -122.403177062044)
02/04/2015(37.7523735149599, -122.416268632715)
02/04/2015(37.7577363372928, -122.463082794078)
02/03/2015(37.7404281429428, -122.471227901179)
02/04/2015(37.7816542806076, -122.415508242782)
02/04/2015(37.7816542806076, -122.415508242782)
02/03/2015(37.7779050116432, -122.469357481945)
02/03/2015(37.7779050116432, -122.469357481945)
02/04/2015(37.795737109246, -122.423413057205)
02/04/2015(37.7993401835421, -122.409835057079)
02/04/2015(37.7993401835421, -122.409835057079)
02/03/2015(37.7467405576771, -122.41303432871)